,Symbol,Name,Sector,Clearing Type,Shares,Free Float,Listed In
0,786,786 Investments Ltd,INV. BANKS / INV. COS. / SECURITIES COS.,NC,"14,973,750","5,240,813",ALLSHR
1,AABS,AL-Abbas Sugar Mills Ltd.XD,SUGAR & ALLIED INDUSTRIES,NC,"17,362,300","1,736,230",ALLSHR
2,ABL,Allied Bank Ltd.,COMMERCIAL BANKS,NC,"1,145,073,830","114,507,383",ALLSHRKSE100
3,ABOT,Abbott Lab (Pakistan) Ltd.,PHARMACEUTICALS,NC,"97,900,302","21,090,584",ALLSHRKMIALLSHRKSE100
4,ACIETF,Alfalah Consumer Index ETF,EXCHANGE TRADED FUNDS,NC,"6,150,000","6,390,000",
5,ACPL,Attock Cement Pakistan Ltd.,CEMENT,NC,"137,426,961","27,485,392",ALLSHRKMIALLSHR
6,ADAMS,Adam Sugar Mills Ltd.,SUGAR & ALLIED INDUSTRIES,NC,"17,291,008","4,322,741",ALLSHRKMIALLSHR
7,ADMM,Artistic Denim Mills Ltd.,TEXTILE COMPOSITE,NC,"84,000,000","4,200,000",ALLSHR
8,AEL,AEL Textiles Ltd.,TEXTILE COMPOSITE,NC,"8,000,000","2,400,000",ALLSHR
9,AGHA,Agha Steel Ind.Ltd.,ENGINEERING,NC,"604,879,058","241,951,623",ACIALLSHRKMIALLSHR
10,AGIC,Askari General Insurance Co.,INSURANCE,NC,"71,901,898","28,760,758",ALLSHR
11,AGIL,Agriauto Industries Ltd.,AUTOMOBILE PARTS & ACCESSORIES,NC,"36,000,000","21,600,000",ALLSHRKMIALLSHR
12,AGL,Agritech Limited,CHEMICAL,NC,"392,430,000","215,836,500",ALLSHR
13,AGLNCPS,Agritech Non-Voting (Pref),CHEMICAL,NC,"159,334,269","71,700,421",ALLSHR
14,AGP,AGP Limited.,PHARMACEUTICALS,NC,"280,000,000","84,000,000",ALLSHRKMIALLSHRKSE100
15,AGSML,Abdullah Shah Ghazi Sugar,SUGAR & ALLIED INDUSTRIES,NC,"79,261,700","19,815,417",ALLSHR
16,AGTL,Al-Ghazi Tractors Ltd.,AUTOMOBILE ASSEMBLER,NC,"57,964,201","3,637,450",ALLSHRKMIALLSHR
17,AHCL,Arif Habib Corporation Ltd.,FERTILIZER,NC,"408,375,000","40,837,500",ALLSHR
18,AHL,Arif Habib Limited.,INV. BANKS / INV. COS. / SECURITIES COS.,NC,"65,340,000","19,602,000",ALLSHR
19,AHTM,Ahmad Hassan Textile Mills Ltd.,TEXTILE COMPOSITE,NC,"8,471,535","1,270,730",ALLSHRKMIALLSHR
20,AICL,Adamjee Insurance Co. Ltd.,INSURANCE,NC,"350,000,000","227,500,000",ALLSHRKSE100
21,AIRLINK,Air Link Communication.,TECHNOLOGY & COMMUNICATION,NC,"395,269,231","98,817,308",ALLSHRKMIALLSHRKSE100
22,AKBL,Askari Bank Ltd.,COMMERCIAL BANKS,NC,"1,449,299,207","434,789,762",ALLSHRKSE100
23,AKDHL,AKD Hospitality Limited,MISCELLANEOUS,NC,"2,507,273","1,002,909",ALLSHR
24,AKDSL,AKD Securities Limited.,INV. BANKS / INV. COS. / SECURITIES COS.,NC,"557,834,171","27,891,709",ALLSHR
25,AKGL,AL-Khair Gadoon Ltd,MISCELLANEOUS,NC,"10,000,000","1,000,000",ALLSHRKMIALLSHR
26,ALAC,Askari Life Assurance Co.,INSURANCE,NC,"150,172,014","22,525,802",ALLSHR
27,ALIFE,Adamjee Life Assu.Co.Ltd.,INSURANCE,NC,"250,000,000","25,000,000",ALLSHR
28,ALNRS,AL-Noor Sugar Mills Ltd.,SUGAR & ALLIED INDUSTRIES,NC,"20,473,755","6,142,111",ALLSHRKMIALLSHR
29,ALTN,Altern Energy Ltd.,POWER GENERATION & DISTRIBUTION,NC,"363,380,000","90,845,000",ALLSHR
30,AMBL,Apna Microfinance Bank Ltd,INV. BANKS / INV. COS. / SECURITIES COS.,NC,"428,984,962","21,449,248",ALLSHR
31,ANL,Azgard Nine Ltd,TEXTILE COMPOSITE,NC,"485,409,731","242,704,866",ALLSHRKMIALLSHR
32,ANLNV,Azgard Nine (Non-Voting),TEXTILE COMPOSITE,NC,"5,965,608","1,789,682",ALLSHR
33,ANLPS,Azgard Nine (Pref) 8.95%,TEXTILE COMPOSITE,NC,"66,125,083",0,ALLSHR
34,ANTM,AN Textile Mills Ltd.,TEXTILE COMPOSITE,NC,"9,660,000","1,449,000",ALLSHR
35,APL,Attock Petroleum Ltd.,OIL & GAS MARKETING COMPANIES,NC,"124,416,000","31,104,000",ALLSHRKMI30KMIALLSHRKSE100PSXDIV20
36,ARCTM,Arctic Textile Mills,TEXTILE SPINNING,NC,"13,174,800","2,515,100",ALLSHRKMIALLSHR
37,ARM,Allied Rental Modaraba.,MODARABAS,NC,"220,000,000","11,000,000",ALLSHRKMIALLSHR
38,ARPAK,Arpak International Investments,MISCELLANEOUS,NC,"4,000,000","351,556",ALLSHR
39,ARPL,Archroma Pakistan Ltd.,CHEMICAL,NC,"34,118,229","8,529,470",ALLSHRKMIALLSHRKSE100
40,ARUJ,Aruj Industries Ltd,TEXTILE COMPOSITE,NC,"10,457,890","964,746",ALLSHR
41,ASC,Al Shaheer Corporation Ltd.,FOOD & PERSONAL CARE PRODUCTS,NC,"374,923,537","299,938,830",ALLSHRKMIALLSHR
42,ASHT,Ashfaq Textile Mills Ltd.,TEXTILE WEAVING,NC,"46,565,035","2,328,252",ALLSHRKMIALLSHR
43,ASIC,Asia Insurance Co. Ltd.,INSURANCE,NC,"73,008,243","21,902,473",ALLSHR
44,ASL,Aisha Steel Mills Ltd.,ENGINEERING,NC,"924,800,809","325,505,584",ALLSHR
45,ASLCPS,Aisha Steel (Convt Pref),ENGINEERING,NC,"137,920","118,972",ALLSHR
46,ASLPS,Aisha Steel (Preference),ENGINEERING,NC,"44,357,057","4,435,706",ALLSHR
47,ASTL,Amreli Steels Ltd,ENGINEERING,NC,"297,011,427","74,252,857",ALLSHR
48,ASTM,Asim Textile Mills Ltd,TEXTILE SPINNING,NC,"15,177,000","2,276,550",ALLSHRKMIALLSHR
49,ATBA,Atlas Battery Ltd.,AUTOMOBILE PARTS & ACCESSORIES,NC,"35,017,034","7,003,407",ALLSHRKMIALLSHR
50,ATIL,Atlas Insurance Ltd.,INSURANCE,NC,"149,415,691","29,883,135",ALLSHR
51,ATLH,Atlas Honda Ltd.,AUTOMOBILE ASSEMBLER,NC,"124,087,935","12,408,794",ALLSHRKMIALLSHRKSE100
52,ATRL,Attock Refinery Ltd.,REFINERY,NC,"106,616,250","42,646,500",ALLSHRKMI30KMIALLSHRKSE100KSE30MZNPI
53,AVN,Avanceon Limited.,TECHNOLOGY & COMMUNICATION,NC,"376,297,850","112,889,355",ALLSHRKMI30KMIALLSHRKSE100KSE30
54,AWTX,Allawasaya Textile Mills Ltd.,TEXTILE SPINNING,NC,"800,000","2,851",ALLSHR
55,BAFL,Bank Alfalah Ltd.,COMMERCIAL BANKS,NC,"1,577,165,119","630,866,048",ALLSHRBKTIJSMFIKSE100NBPPGIPSXDIV20
56,BAFS,Baba Farid Sugar Mills Ltd,SUGAR & ALLIED INDUSTRIES,NC,"9,450,000","472,500",ALLSHRKMIALLSHR
57,BAHL,Bank AL Habib Ltd.,COMMERCIAL BANKS,NC,"1,111,425,419","722,426,520",ALLSHRBKTIKSE100KSE30NITPGIPSXDIV20
58,BATA,Bata (Pakistan) Ltd.,LEATHER & TANNERIES,NC,"7,560,000","1,782,957",ALLSHRKMIALLSHR
59,BCL,Bolan Castings Ltd,ENGINEERING,NC,"11,472,529","5,736,265",ALLSHRKMIALLSHR
60,BECO,BECO Steel Ltd.,ENGINEERING,NC,"124,962,510","24,992,502",ALLSHRKMIALLSHR
61,BERG,Berger Paints Pakistan Ltd.,CHEMICAL,NC,"24,551,652","11,048,243",ALLSHRKMIALLSHR
62,BFMOD,B.F. Modaraba.,MODARABAS,NC,"7,515,158","1,878,790",ALLSHRKMIALLSHR
63,BGL,Balochistan Glass Ltd,GLASS & CERAMICS,NC,"261,600,000","39,240,000",ALLSHRKMIALLSHR
64,BHAT,Bhanero Textile Mills Ltd.,TEXTILE COMPOSITE,NC,"3,000,000","150,000",ALLSHR
65,BIFO,Biafo Industries Ltd.,CHEMICAL,NC,"46,382,688","9,276,538",ALLSHRKMIALLSHR
66,BIPL,BankIslami Pakistan Ltd,COMMERCIAL BANKS,NC,"1,108,703,299","332,610,990",ALLSHRJSMFIKMIALLSHR
67,BNL,Bunny's Limited,FOOD & PERSONAL CARE PRODUCTS,NC,"66,805,269","33,402,635",ALLSHRKMIALLSHR
68,BNWM,Bannu Woollen Mills Ltd,WOOLLEN,NC,"9,506,250","4,277,813",ALLSHRKMIALLSHRKSE100
69,BOK,Bank of Khyber.,COMMERCIAL BANKS,NC,"1,102,909,212","55,145,461",ALLSHR
70,BOP,Bank of Punjab.,COMMERCIAL BANKS,NC,"3,271,569,321","1,381,546,138",ALLSHRKSE100
71,BPL,Burshane LPG (Pakistan),OIL & GAS MARKETING COMPANIES,NC,"22,488,900","5,680,902",ALLSHRKMIALLSHR
72,BRR,B.R.R Guardian Mod.,MODARABAS,NC,"94,998,489","52,249,169",ALLSHRKMIALLSHR
73,BTL,Blessed Textiles Limited.,TEXTILE COMPOSITE,NC,"6,432,000","964,800",ALLSHR
74,BUXL,Buxly Paints Ltd,CHEMICAL,NC,"1,440,000","576,000",ALLSHRKMIALLSHR
75,BWCL,Bestway Cement Ltd.,CEMENT,NC,"596,252,783","29,812,639",ALLSHRKMIALLSHR
76,BWHL,Baluchistan Wheels Ltd.,AUTOMOBILE PARTS & ACCESSORIES,NC,"13,334,250","7,333,838",ALLSHRKMIALLSHR
77,CASH,CALCORP Limited.,INV. BANKS / INV. COS. / SECURITIES COS.,NC,"10,744,413","1,611,662",ALLSHR
78,CCM,Crescent Cotton Mills Ltd.,TEXTILE SPINNING,NC,"22,660,123","10,197,057",ALLSHRKMIALLSHR
79,CENI,Century Insurance Co. Ltd.,INSURANCE,NC,"55,326,483","13,831,621",ALLSHR
80,CEPB,Century Paper & Board Mills.,PAPER & BOARD,NC,"401,712,926","140,599,524",ALLSHRKMIALLSHRKSE100
81,CFL,Crescent Fibres Ltd.,TEXTILE SPINNING,NC,"12,417,876","3,104,469",ALLSHRKMIALLSHR
82,CHAS,Chashma Sugar Mills Ltd.,SUGAR & ALLIED INDUSTRIES,NC,"28,692,000","4,303,800",ALLSHRKMIALLSHR
83,CHCC,Cherat Cement Co. Ltd.,CEMENT,NC,"194,295,038","116,577,023",ACIALLSHRKMI30KMIALLSHRKSE100
84,CLOV,Clover Pakistan Ltd,FOOD & PERSONAL CARE PRODUCTS,NC,"31,143,059","15,571,530",ALLSHRKMIALLSHR
85,CLVL,Cordoba Log. & Vent. Ltd.,TRANSPORT,NC,"72,105,200","14,421,040",ALLSHRKMIALLSHR
86,CNERGY,Cnergyico PK Ltd,REFINERY,NC,"5,493,447,571","1,648,034,271",ALLSHRKSE100
87,COLG,Colgate-Palmolive (Pakistan),CHEMICAL,NC,"242,773,288","24,277,327",ALLSHRKMIALLSHRKSE100
88,CPHL,Citi Pharma Ltd.,PHARMACEUTICALS,NC,"228,461,200","79,961,420",ACIALLSHRKMIALLSHR
89,CPPL,Cherat Packaging Ltd.,PAPER & BOARD,NC,"49,095,396","29,457,236",ALLSHR
90,CRTM,Crescent Textile Mills Ltd.,TEXTILE COMPOSITE,NC,"100,000,000","55,000,000",ALLSHRKMIALLSHR
91,CSAP,Crescent Steel & Allied Products,ENGINEERING,NC,"77,632,491","34,934,621",ALLSHRKMIALLSHR
92,CSIL,Crescent Star Insurance Ltd,INSURANCE,NC,"107,695,041","106,198,638",ALLSHR
93,CTM,Colony Textile Mills Ltd,TEXTILE SPINNING,NC,"498,010,000","49,800,996",ALLSHRKMIALLSHR
94,CYAN,Cyan Limited.,INV. BANKS / INV. COS. / SECURITIES COS.,NC,"61,558,963","9,233,866",ALLSHR
95,DAAG,Data Agro Ltd,CHEMICAL,NC,"4,000,000","800,000",ALLSHRKMIALLSHR
96,DADX,Dadex Eternit Ltd,ENGINEERING,NC,"10,764,000","538,200",ALLSHRKMIALLSHR
97,DAWH,Dawood Hercules Corporation.,INV. BANKS / INV. COS. / SECURITIES COS.,NC,"481,287,116","336,900,981",ALLSHRKMI30KMIALLSHRKSE100
98,DCL,Dewan Cement Ltd.,CEMENT,NC,"484,113,343","121,028,336",ALLSHRKMIALLSHR
99,DCR,Dolmen City REIT XD,REAL ESTATE INVESTMENT TRUST,NC,"2,223,700,000","555,925,000",ALLSHRKMIALLSHRKSE100
100,DEL,Dawood Equities Ltd.,INV. BANKS / INV. COS. / SECURITIES COS.,NC,"27,500,000","13,750,000",ALLSHR
101,DFML,Dewan Farooque Motors Ltd,AUTOMOBILE ASSEMBLER,NC,"138,735,242","55,494,097",ACIALLSHR
102,DFSM,Dewan Farooque Spinning,TEXTILE SPINNING,NC,"97,750,726","34,212,754",ALLSHRKMIALLSHR
103,DGKC,D.G. Khan Cement Co. Ltd.,CEMENT,NC,"438,119,097","219,059,559",ACIALLSHRKMI30KMIALLSHRKSE100KSE30MZNPI
104,DIIL,Diamond Industries Ltd,MISCELLANEOUS,NC,"9,000,000","1,350,000",ALLSHRKMIALLSHR
105,DINT,Din Textile Mills Ltd,TEXTILE SPINNING,NC,"52,466,750","2,623,337",ALLSHRKMIALLSHR
106,DLL,Dawood Lawrencepur Ltd.,INV. BANKS / INV. COS. / SECURITIES COS.,NC,"59,299,809","5,929,981",ALLSHR
107,DOL,Descon Oxychem Ltd.,CHEMICAL,NC,"175,031,084","52,509,325",ALLSHRKMIALLSHRPSXDIV20
108,DSIL,D. S. Industries Ltd,TEXTILE SPINNING,NC,"83,685,631","62,764,223",ALLSHR
109,DYNO,Dynea Pakistan Ltd.,CHEMICAL,NC,"18,872,400","12,267,068",ALLSHRKMIALLSHR
110,ECOP,EcoPack Ltd.,MISCELLANEOUS,NC,"48,258,419","28,955,051",ALLSHR
111,EFERT,Engro Fertilizers Ltd.,FERTILIZER,NC,"1,335,299,375","600,884,719",ALLSHRKMI30KMIALLSHRKSE100KSE30NBPPGINITPGIPSXDIV20UPP9
112,EFGH,EFG Hermes Pakistan,INV. BANKS / INV. COS. / SECURITIES COS.,NC,"20,015,650","9,007,043",ALLSHR
113,EFUG,EFU General Insurance Ltd.,INSURANCE,NC,"200,000,000","60,000,000",ALLSHRKSE100
114,EFUL,EFU Life Assurance Ltd.,INSURANCE,NC,"100,000,001","10,000,000",ALLSHR
115,ELCM,Elahi Cotton Mills Ltd,TEXTILE SPINNING,NC,"1,300,000","260,000",ALLSHRKMIALLSHR
116,ELSM,Ellcot Spinning Mills Ltd.,TEXTILE SPINNING,NC,"10,950,000","3,285,000",ALLSHR
117,EMCO,Emco Industries Ltd.,CABLE & ELECTRICAL GOODS,NC,"34,999,667","10,500,000",ALLSHRKMIALLSHR
118,ENGRO,Engro Corporation Ltd.,FERTILIZER,NC,"576,163,230","288,081,615",ALLSHRKMI30KMIALLSHRKSE100KSE30MZNPINBPPGINITPGIUPP9
119,EPCL,Engro Polymer & Chemicals.,CHEMICAL,NC,"908,923,333","227,230,833",ALLSHRKMI30KMIALLSHRKSE100KSE30NBPPGIPSXDIV20
120,EPCLPS,Engro Polymer Preference.,CHEMICAL,NC,"300,000,000","300,000,000",ALLSHR
121,EPQL,Engro Powergen Qadirpur Ltd.,POWER GENERATION & DISTRIBUTION,NC,"323,800,000","97,140,000",ALLSHRPSXDIV20
122,ESBL,Escorts Investment  Bank Ltd,INV. BANKS / INV. COS. / SECURITIES COS.,NC,"135,600,000","20,340,000",ALLSHR
123,EWIC,East West Insurance Co,INSURANCE,NC,"175,891,401","35,178,278",ALLSHR
124,EXIDE,Exide Pakistan Ltd XD,AUTOMOBILE PARTS & ACCESSORIES,NC,"7,768,618","1,942,155",ALLSHRKMIALLSHR
125,FABL,Faysal Bank Ltd.,COMMERCIAL BANKS,NC,"1,517,696,526","379,424,131",ALLSHRBKTIKMIALLSHRKSE100PSXDIV20
126,FANM,AL-Noor Modaraba 1st.,MODARABAS,NC,"23,100,000","12,705,000",ALLSHR
127,FASM,Faisal Spinning Mills Ltd.,TEXTILE COMPOSITE,NC,"10,000,000","1,000,000",ALLSHR
128,FATIMA,Fatima Fertilizer Company Ltd.,FERTILIZER,NC,"2,100,000,000","315,000,000",ALLSHRKMIALLSHRKSE100
129,FCCL,Fauji Cement Co. Ltd.,CEMENT,NC,"2,452,847,220","858,496,527",ALLSHRKMI30KMIALLSHRKSE100
130,FCEPL,Frieslandcampina Engro Pakistan,FOOD & PERSONAL CARE PRODUCTS,NC,"766,596,075","76,659,608",ALLSHRKMIALLSHRKSE100
131,FCIBL,First Credit & Investment Bank Ltd,INV. BANKS / INV. COS. / SECURITIES COS.,NC,"65,000,000","26,000,000",ALLSHR
132,FCONM,Constellation Modaraba 1st,MODARABAS,NC,"6,462,500","2,261,875",ALLSHR
133,FCSC,First Capital Securities Corp. Ltd,INV. BANKS / INV. COS. / SECURITIES COS.,NC,"316,610,115","174,135,562",ALLSHR
134,FDIBL,First Dawood Investment Bank Ltd,INV. BANKS / INV. COS. / SECURITIES COS.,NC,"148,390,023","140,970,522",ALLSHR
135,FECM,Elite Capital Modaraba 1st.,MODARABAS,NC,"11,340,000","7,938,000",ALLSHRKMIALLSHR
136,FECTC,Fecto Cement Ltd,CEMENT,NC,"50,160,000","12,540,000",ALLSHRKMIALLSHR
137,FEM,Equity Modaraba 1st.,MODARABAS,NC,"52,440,000","36,708,000",ALLSHRKMIALLSHR
138,FEROZ,Ferozsons Laboratories Ltd.,PHARMACEUTICALS,NC,"43,469,051","17,387,621",ALLSHRKMIALLSHR
139,FFBL,Fauji Fertilizer Bin Qasim Ltd,FERTILIZER,NC,"1,291,252,857","451,938,500",ALLSHRKMIALLSHRKSE100
140,FFC,Fauji Fertilizer Company Ltd.,FERTILIZER,NC,"1,272,238,147","699,731,036",ALLSHRKSE100KSE30NBPPGINITPGIPSXDIV20UPP9
141,FFL,Fauji Foods Limited.,FOOD & PERSONAL CARE PRODUCTS,NC,"2,519,963,139","503,992,628",ALLSHR
142,FFLM,First Fidelity Leasing Modaraba,MODARABAS,NC,"26,413,804","17,168,973",ALLSHRKMIALLSHR
143,FHAM,Habib Modaraba 1st.,MODARABAS,NC,"221,661,000","199,494,900",ALLSHRKMIALLSHRKSE100
144,FIBLM,IBL Modaraba 1st,MODARABAS,NC,"21,687,500","16,265,625",ALLSHRKMIALLSHR
145,FIMM,Imrooz Modaraba 1st.,MODARABAS,NC,"3,000,000","600,000",ALLSHRKMIALLSHR
146,FLYNG,Flying Cement Co. Ltd.,CEMENT,NC,"694,800,000","277,920,000",ALLSHRKMIALLSHR
147,FML,Feroze1888 Mills Ltd.,TEXTILE COMPOSITE,NC,"399,409,026","39,940,903",ALLSHRKMIALLSHR
148,FNEL,First National Equities Ltd,INV. BANKS / INV. COS. / SECURITIES COS.,NC,"267,286,331","147,007,482",ALLSHR
149,FPJM,Punjab Modaraba 1st,MODARABAS,NC,"34,020,000","13,608,000",ALLSHRKMIALLSHR
150,FPRM,Paramount Modaraba 1st.,MODARABAS,NC,"13,788,418","6,204,787",ALLSHRKMIALLSHR
151,FRCL,Frontier Ceramics Ltd,GLASS & CERAMICS,NC,"37,873,821","1,893,691",ALLSHRKMIALLSHR
152,FRSM,Faran Sugar Mills Ltd,SUGAR & ALLIED INDUSTRIES,NC,"25,007,151","6,251,739",ALLSHRKMIALLSHR
153,FTMM,First Treet Mfg Modaraba,MODARABAS,NC,"883,590,287","44,179,514",ALLSHRKMIALLSHR
154,FTSM,Tri-Star Modaraba 1st.,MODARABAS,NC,"21,163,104","8,465,242",ALLSHRKMIALLSHR
155,FUDLM,U.D.L. Modaraba 1st.,MODARABAS,NC,"35,120,564","15,804,247",ALLSHRKMIALLSHR
156,FZCM,Fazal Cloth Mills Ltd.,TEXTILE COMPOSITE,NC,"30,000,000","3,000,000",ALLSHRKMIALLSHR
157,GADT,Gadoon Textile Mills Ltd,TEXTILE SPINNING,NC,"28,029,583","8,408,875",ALLSHRKSE100
158,GAL,Ghandhara Automobiles Ltd.,AUTOMOBILE ASSEMBLER,NC,"57,002,500","19,950,875",ALLSHRKMIALLSHR
159,GAMON,Gammon Pakistan Ltd,MISCELLANEOUS,NC,"28,266,231","2,826,623",ALLSHRKMIALLSHR
160,GATI,Gatron (Industries) Ltd.,SYNTHETIC & RAYON,NC,"76,729,000","3,836,448",ALLSHRKMIALLSHR
161,GATM,Gul Ahmed Textile Mills Ltd.,TEXTILE COMPOSITE,NC,"740,059,458","185,014,865",ACIALLSHRKSE100
162,GCIL,Ghani Chemical Ind.Ltd.,CHEMICAL,NC,"478,187,971","113,529,593",ALLSHR
163,GCILB,Ghani Chemical Ind.Class-B,CHEMICAL,NC,"22,000,000","21,999,204",ALLSHR
164,GFIL,Ghazi Fabrics International Ltd,TEXTILE COMPOSITE,NC,"32,635,600","3,240,000",ALLSHR
165,GGGL,Ghani Global Glass Ltd,GLASS & CERAMICS,NC,"240,000,000","120,000,000",ALLSHRKMIALLSHR
166,GGL,Ghani Global Holdings.,CHEMICAL,NC,"354,119,590","177,059,795",ALLSHRKMIALLSHR
167,GHGL,Ghani Glass Ltd.,GLASS & CERAMICS,NC,"999,714,838","299,914,451",ALLSHRKMIALLSHRKSE100
168,GHNI,Ghandhara Industries Ltd,AUTOMOBILE ASSEMBLER,NC,"42,608,844","12,782,653",ALLSHRKMIALLSHR
169,GIL,Goodluck Industries Ltd.,FOOD & PERSONAL CARE PRODUCTS,NC,"300,000",116,ALLSHRKMIALLSHR
170,GLAXO,GlaxoSmithKline Pakistan.,PHARMACEUTICALS,NC,"318,467,278","63,693,456",ALLSHRKMIALLSHRKSE100
171,GLPL,Gillette Pakistan Ltd,FOOD & PERSONAL CARE PRODUCTS,NC,"31,872,000","3,187,200",ALLSHRKMIALLSHR
172,GOC,GOC (Pak) Limited.,MISCELLANEOUS,NC,"7,348,950","1,102,401",ALLSHRKMIALLSHR
173,GRR,Globe Residency REIT,REAL ESTATE INVESTMENT TRUST,NC,"140,000,000","42,000,000",ALLSHR
174,GRYL,Grays Leasing Ltd,LEASING COMPANIES,NC,"21,500,000","2,150,000",ALLSHR
175,GTYR,Ghandhara Tyre & Rubber Co.,AUTOMOBILE PARTS & ACCESSORIES,NC,"121,933,350","48,773,340",ALLSHR
176,GVGL,Ghani Value Glass Ltd.,GLASS & CERAMICS,NC,"149,942,178","29,346,344",ALLSHRKMIALLSHR
177,GWLC,Gharibwal Cement Ltd.,CEMENT,NC,"400,273,960","60,041,094",ALLSHRKMIALLSHR
178,HABSM,Habib Sugar Mills Ltd.,SUGAR & ALLIED INDUSTRIES,NC,"150,000,000","52,500,000",ALLSHR
179,HAEL,Hala Enterprises Ltd,TEXTILE COMPOSITE,NC,"12,996,304","1,299,630",ALLSHRKMIALLSHR
180,HAFL,Hafiz Limited.,TEXTILE COMPOSITE,NC,"1,200,000","39,819",ALLSHRKMIALLSHR
181,HALEON,Haleon Pakistan Limited,PHARMACEUTICALS,NC,"117,054,508","15,633,092",ALLSHRKMIALLSHR
182,HBL,Habib Bank Ltd.,COMMERCIAL BANKS,NC,"1,466,852,508","660,083,629",ALLSHRBKTIKSE100KSE30NBPPGINITPGIUPP9
183,HBLTETF,HBL Total Treasury ETF,EXCHANGE TRADED FUNDS,NC,"50,000,000",0,
184,HCAR,Honda Atlas Cars (Pakistan) Ltd.,AUTOMOBILE ASSEMBLER,NC,"142,800,000","28,560,000",ALLSHRKMIALLSHRKSE100
185,HCL,Hallmark Company,TECHNOLOGY & COMMUNICATION,NC,"500,000","50,000",ALLSHR
186,HGFA,HBL Growth Fund - (A),CLOSE - END MUTUAL FUND,NC,"283,500,000","264,888,209",ALLSHRKSE100
187,HICL,Habib Insurance Co. Ltd.,INSURANCE,NC,"123,874,755","68,131,115",ALLSHR
188,HIFA,HBL Investment Fund - (A),CLOSE - END MUTUAL FUND,NC,"284,125,000","227,300,000",ALLSHR
189,HINO,Hinopak Motors Ltd,AUTOMOBILE ASSEMBLER,NC,"24,801,120","2,547,366",ALLSHRKMIALLSHR
190,HINOON,Highnoon Laboratories Ltd,PHARMACEUTICALS,NC,"52,983,368","23,842,513",ALLSHRKMIALLSHRKSE100
191,HMB,Habib Metropolitan Bank Ltd.,COMMERCIAL BANKS,NC,"1,047,831,480","471,524,166",ALLSHRBKTIKSE100PSXDIV20
192,HRPL,Habib Rice Prud.,SUGAR & ALLIED INDUSTRIES,NC,"40,000,000","8,000,000",ALLSHRKMIALLSHR
193,HTL,Hi-Tech Lubricants Ltd.,OIL & GAS MARKETING COMPANIES,NC,"139,204,800","34,801,200",ALLSHRKMIALLSHR
194,HUBC,Hub Power Company Ltd.,POWER GENERATION & DISTRIBUTION,NC,"1,297,154,400","972,865,790",ALLSHRKMI30KMIALLSHRKSE100KSE30MZNPINBPPGINITPGIPSXDIV20UPP9
195,HUMNL,Hum Network Ltd.,TECHNOLOGY & COMMUNICATION,NC,"1,134,000,000","567,000,000",ALLSHR
196,HUSI,Husein Industries,TEXTILE COMPOSITE,NC,"10,625,852","2,656,463",ALLSHRKMIALLSHR
197,IBFL,Ibrahim Fibres Ltd.,SYNTHETIC & RAYON,NC,"310,506,995","15,525,350",ALLSHRKMIALLSHRKSE100
198,IBLHL,IBL HealthCare Ltd.,PHARMACEUTICALS,NC,"71,395,639","17,848,910",ALLSHRKMIALLSHR
199,ICIBL,Invest Capital Investment Bank,INV. BANKS / INV. COS. / SECURITIES COS.,NC,"284,866,896","156,676,793",ALLSHR
200,ICL,Ittehad Chemicals Ltd.,CHEMICAL,NC,"99,999,999","35,000,000",ALLSHRKMIALLSHR
201,IDRT,Idrees Textile Mills Ltd.,TEXTILE SPINNING,NC,"19,852,800","1,985,280",ALLSHR
202,IDSM,Ideal Spinning Mills Ltd.,TEXTILE SPINNING,NC,"9,920,000","1,488,000",ALLSHR
203,IDYM,Indus Dyeing & Mfg Co. Ltd,TEXTILE SPINNING,NC,"54,221,193","8,133,179",ALLSHR
204,IGIHL,IGI Holdings Ltd.,INSURANCE,NC,"142,630,550","35,657,638",ALLSHR
205,IGIL,IGI Life Insurance Ltd,INSURANCE,NC,"170,567,200","34,113,440",ALLSHR
206,ILP,Interloop Limited.,TEXTILE COMPOSITE,NC,"1,401,446,864","280,289,373",ACIALLSHRJSMFIKMIALLSHRKSE100
207,IMAGE,Image Pakistan Ltd.,SYNTHETIC & RAYON,NC,"131,639,801","92,147,860",ALLSHRKMIALLSHR
208,IML,Imperial  Ltd,INV. BANKS / INV. COS. / SECURITIES COS.,NC,"99,020,000","24,755,000",ALLSHR
209,INDU,Indus Motor Company Ltd.,AUTOMOBILE ASSEMBLER,NC,"78,600,000","13,786,066",ALLSHRKSE100
210,INIL,International Industries Ltd.,ENGINEERING,NC,"131,881,860","65,940,940",ACIALLSHRKMIALLSHRKSE100
211,INKL,International Knitwear Ltd,TEXTILE COMPOSITE,NC,"9,675,000","3,870,000",ALLSHRKMIALLSHR
212,ISIL,Ismail Industries Ltd.,FOOD & PERSONAL CARE PRODUCTS,NC,"66,356,940","3,317,847",ALLSHR
213,ISL,International Steels Ltd.,ENGINEERING,NC,"435,000,000","152,250,000",ACIALLSHRKMIALLSHRKSE100PSXDIV20
214,ITTEFAQ,Ittefaq Iron Industries,ENGINEERING,NC,"144,343,364","93,823,187",ALLSHRKMIALLSHR
215,JATM,J.A.Textile Mills Ltd,TEXTILE SPINNING,NC,"12,601,200","1,890,174",ALLSHR
216,JDMT,Janana De  Malucho Textile,TEXTILE SPINNING,NC,"6,915,822","2,074,747",ALLSHRKMIALLSHR
217,JDWS,JDW Sugar Mills Ltd.XD,SUGAR & ALLIED INDUSTRIES,NC,"57,776,661","5,777,666",ALLSHRKSE100
218,JGICL,Jubilee General Insurance Co.,INSURANCE,NC,"198,491,379","49,622,810",ALLSHR
219,JKSM,J.K.Spinning Mills Ltd.,TEXTILE SPINNING,NC,"102,317,502","5,115,875",ALLSHR
220,JLICL,Jubilee Life Insurance Co.,INSURANCE,NC,"100,353,310","20,070,662",ALLSHR
221,JOPP,Johnson & Phillips (Pakistan) Ltd,CABLE & ELECTRICAL GOODS,NC,"5,450,000","545,000",ALLSHRKMIALLSHR
222,JSBL,JS Bank Ltd,COMMERCIAL BANKS,NC,"1,297,464,262","324,366,066",ALLSHR
223,JSBLR1,JS Bank Ltd (R),COMMERCIAL BANKS,NC,"220,568,925",0,ALLSHR
224,JSCL,Jahangir Siddiqui & Co. Ltd.,INV. BANKS / INV. COS. / SECURITIES COS.,NC,"915,942,388","228,985,597",ALLSHR
225,JSCLPSA,Jahangir Siddiqui Preference Share.,INV. BANKS / INV. COS. / SECURITIES COS.,NC,"183,188,477","36,637,695",ALLSHR
226,JSGCL,JS Global Capital Ltd.,INV. BANKS / INV. COS. / SECURITIES COS.,NC,"27,477,297","1,373,865",ALLSHR
227,JSIL,JS Investments Ltd,INV. BANKS / INV. COS. / SECURITIES COS.,NC,"61,774,256","12,354,851",ALLSHR
228,JSMFETF,JS Momentum Factor ETF,EXCHANGE TRADED FUNDS,NC,"8,300,000","3,080,000",
229,JSML,Jauharabad Sugar Mills Ltd.,SUGAR & ALLIED INDUSTRIES,NC,"34,128,454","13,651,381",ALLSHRKMIALLSHR
230,JVDC,Javedan Corporation Ltd.,PROPERTY,NC,"380,860,447","114,258,134",ALLSHRKMIALLSHRKSE100
231,JVDCPS,Javedan Corp Preference,CEMENT,NC,"50,500","41,500",ALLSHR
232,KAPCO,Kot Addu Power Company.,POWER GENERATION & DISTRIBUTION,NC,"880,253,228","456,221,621",ALLSHRKSE100KSE30PSXDIV20
233,KCL,Karam Ceramics Ltd,GLASS & CERAMICS,NC,"14,549,060","727,434",ALLSHRKMIALLSHR
234,KEL,K-Electric Ltd,POWER GENERATION & DISTRIBUTION,NC,"27,615,194,245","2,761,519,425",ALLSHRKMIALLSHRKSE100
235,KHTC,Khyber Tobacco Company.,TOBACCO,NC,"6,922,368","912,402",ALLSHR
236,KHYT,Khyber Textile Mills Ltd,TEXTILE COMPOSITE,NC,"1,227,500","15,248",ALLSHRKMIALLSHR
237,KML,Kohinoor Mills Ltd.,TEXTILE COMPOSITE,NC,"50,911,011","7,636,652",ALLSHR
238,KOHC,Kohat Cement Co. Ltd.,CEMENT,NC,"200,861,297","60,258,389",ALLSHRKMIALLSHRKSE100
239,KOHE,Kohinoor Energy Ltd.,POWER GENERATION & DISTRIBUTION,NC,"169,458,614","67,783,446",ALLSHRKMIALLSHR
240,KOHP,Kohinoor Power Company,POWER GENERATION & DISTRIBUTION,NC,"12,600,000","6,930,000",ALLSHRKMIALLSHR
241,KOHTM,Kohat Textile Mills Ltd.,TEXTILE SPINNING,NC,"20,800,000","5,200,000",ALLSHRKMIALLSHR
242,KOIL,Kohinoor Industries Ltd,TEXTILE COMPOSITE,NC,"30,302,580","16,666,399",ALLSHR
243,KOSM,Kohinoor Spinning Mills Ltd,TEXTILE SPINNING,NC,"215,714,285","129,428,571",ALLSHR
244,KPUS,Khairpur Sugar Mills Ltd,SUGAR & ALLIED INDUSTRIES,NC,"16,017,500","800,875",ALLSHR
245,KSBP,K.S.B.Pumps Company Ltd.,ENGINEERING,NC,"13,200,000","5,300,919",ALLSHRKMIALLSHR
246,KTML,Kohinoor Textile Mills Ltd.,TEXTILE COMPOSITE,NC,"299,296,456","74,824,114",ALLSHRKMIALLSHRKSE100
247,LCI,Lucky Core Ind. Ltd.,CHEMICAL,NC,"92,359,050","13,853,858",ALLSHRKMIALLSHRKSE100
248,LEUL,Leather-Up Ltd,LEATHER & TANNERIES,NC,"6,000,000","1,769,200",ALLSHRKMIALLSHR
249,LOADS,Loads Limited,AUTOMOBILE PARTS & ACCESSORIES,NC,"251,250,000","125,625,000",ALLSHR
250,LOTCHEM,Lotte Chemical Pakistan Ltd.,CHEMICAL,NC,"1,514,207,200","227,131,081",ALLSHRKMI30KMIALLSHRKSE100PSXDIV20
251,LPGL,Leiner Pak Gelatine Ltd,CHEMICAL,NC,"7,500,000","1,500,000",ALLSHRKMIALLSHR
252,LPL,Lalpir Power Ltd.,POWER GENERATION & DISTRIBUTION,NC,"379,838,732","151,935,493",ALLSHRKMIALLSHRPSXDIV20
253,LSEPL,LSE Proptech Ltd.,TECHNOLOGY & COMMUNICATION,NC,"90,090,731","49,516,717",ALLSHR
254,LSEVL,LSE Ventures Limited,INV. BANKS / INV. COS. / SECURITIES COS.,NC,"179,597,880","116,738,612",ALLSHR
255,LUCK,Lucky Cement Ltd,CEMENT,NC,"313,375,000","109,681,250",ACIALLSHRKMI30KMIALLSHRKSE100KSE30MZNPINBPPGINITPGI
256,MACFL,MACPAC Films Ltd.,MISCELLANEOUS,NC,"59,301,150","20,755,403",ALLSHRKMIALLSHR
257,MACTER,Macter International Ltd.,PHARMACEUTICALS,NC,"45,811,018","16,033,856",ALLSHRKMIALLSHR
258,MARI,Mari Petroleum Co. Ltd.,OIL & GAS EXPLORATION COMPANIES,NC,"133,402,500","26,680,500",ALLSHRKMI30KMIALLSHRKSE100KSE30OGTI
259,MCB,MCB Bank Ltd.,COMMERCIAL BANKS,NC,"1,185,060,006","414,771,002",ALLSHRBKTIKSE100KSE30NITPGIPSXDIV20UPP9
260,MCBAH,MCB-Arif Habib Savings & Inv.,INV. BANKS / INV. COS. / SECURITIES COS.,NC,"72,000,000","10,800,000",ALLSHR
261,MDTL,Media Times Ltd,TECHNOLOGY & COMMUNICATION,NC,"178,851,010","116,253,157",ALLSHR
262,MEBL,Meezan Bank Ltd.,COMMERCIAL BANKS,NC,"1,789,624,275","447,406,080",ALLSHRBKTIKMI30KMIALLSHRKSE100KSE30MZNPINBPPGINITPGIUPP9
263,MEHT,Mahmood Textile Mills Ltd.,TEXTILE COMPOSITE,NC,"30,000,040","5,252,340",ALLSHR
264,MERIT,Merit Packaging Ltd.,PAPER & BOARD,NC,"199,958,427","39,991,685",ALLSHRKMIALLSHR
265,META,MetaTech Trading Limited,MISCELLANEOUS,NC,"7,432,425","7,159,320",ALLSHRKMIALLSHR
266,MFFL,Mitchell's Fruit Farms Ltd,FOOD & PERSONAL CARE PRODUCTS,NC,"22,875,000","6,862,500",ALLSHRKMIALLSHR
267,MFL,Matco Foods Limited.,FOOD & PERSONAL CARE PRODUCTS,NC,"122,400,698","30,600,175",ALLSHR
268,MIRKS,Mirpurkhas Sugar Mills Ltd.,SUGAR & ALLIED INDUSTRIES,NC,"46,557,891","20,951,050",ALLSHR
269,MLCF,Maple Leaf Cement Factory,CEMENT,NC,"1,073,346,232","483,005,804",ACIALLSHRKMI30KMIALLSHRKSE100MZNPI
270,MODAM,Modaraba Al-Mali.,MODARABAS,NC,"79,423,945","63,539,156",ALLSHRKMIALLSHR
271,MODAMR1,Modaraba Al-Mali(R),MODARABAS,NC,"11,392,970",0,
272,MQTM,Maqbool Textile Mills Ltd.,TEXTILE SPINNING,NC,"18,432,000","4,608,000",ALLSHR
273,MRNS,Mehran Sugar Mills Ltd.,SUGAR & ALLIED INDUSTRIES,NC,"74,927,989","18,731,902",ALLSHR
274,MSCL,Metropolitan  Steel Corp.,ENGINEERING,NC,"30,977,500","7,744,400",ALLSHRKMIALLSHR
275,MSOT,Masood Textile Mills,TEXTILE COMPOSITE,NC,"67,500,000","13,500,000",ALLSHR
276,MSOTPS,Masood Textile Mills  Preference.,TEXTILE COMPOSITE,NC,"27,500,000","27,500,000",ALLSHR
277,MTL,Millat Tractors Ltd.,AUTOMOBILE ASSEMBLER,NC,"191,798,229","86,309,203",ALLSHRJSMFIKMI30KMIALLSHRKSE100KSE30
278,MUGHAL,Mughal Iron & Steel Industries.,ENGINEERING,NC,"335,633,933","83,908,483",ACIALLSHRKMIALLSHRKSE100
279,MUREB,Murree Brewery Company.,FOOD & PERSONAL CARE PRODUCTS,NC,"27,663,631","11,065,452",ALLSHRKSE100
280,MZNPETF,Meezan Pakistan.,EXCHANGE TRADED FUNDS,NC,"8,340,000","8,830,000",
281,NAGC,Nagina Cotton Mills Ltd.,TEXTILE SPINNING,NC,"18,700,000","1,870,000",ALLSHR
282,NATF,National Foods Ltd.,FOOD & PERSONAL CARE PRODUCTS,NC,"233,115,250","69,934,628",ALLSHRKSE100
283,NATM,Nadeem Textile Mills Ltd.,TEXTILE SPINNING,NC,"21,266,735","1,063,337",ALLSHRKMIALLSHR
284,NBP,National Bank of Pakistan.XD,COMMERCIAL BANKS,NC,"2,127,512,862","509,091,871",ALLSHRKSE100
285,NBPGETF,NBP Pakistan Growth XD,EXCHANGE TRADED FUNDS,NC,"5,460,000","5,470,000",
286,NCL,Nishat (Chunian) Ltd.,TEXTILE COMPOSITE,NC,"240,119,029","108,053,563",ACIALLSHRPSXDIV20
287,NCPL,Nishat Chunian Power Ltd.,POWER GENERATION & DISTRIBUTION,NC,"367,346,939","220,408,163",ALLSHRKMIALLSHR
288,NESTLE,Nestle Pakistan Ltd.,FOOD & PERSONAL CARE PRODUCTS,NC,"45,349,551","4,534,958",ALLSHRKMIALLSHRKSE100
289,NETSOL,NetSol Technologies Ltd,TECHNOLOGY & COMMUNICATION,NC,"89,836,923","26,951,077",ALLSHRKMI30KMIALLSHRKSE30
290,NEXT,Next Capital Limited.,INV. BANKS / INV. COS. / SECURITIES COS.,NC,"56,925,000","28,462,500",ALLSHR
291,NICL,Nimir Industrial Chemicals Ltd.,CHEMICAL,NC,"110,590,546","38,706,691",ALLSHR
292,NITGETF,NIT Pakistan Gateway.XD,EXCHANGE TRADED FUNDS,NC,"3,730,000","3,730,000",
293,NML,Nishat Mills Ltd.,TEXTILE COMPOSITE,NC,"351,599,848","140,639,939",ACIALLSHRKMIALLSHRKSE100
294,NONS,Noon Sugar Mills Ltd.,SUGAR & ALLIED INDUSTRIES,NC,"16,517,456","4,955,236",ALLSHR
295,NPL,Nishat Power Ltd.,POWER GENERATION & DISTRIBUTION,NC,"354,088,500","159,339,825",ALLSHRPSXDIV20
296,NRL,National Refinery Ltd.,REFINERY,NC,"79,966,560","26,230,266",ALLSHRKMI30KMIALLSHRKSE100KSE30
297,NRSL,Nimir Resins Ltd,CHEMICAL,NC,"141,321,100","42,396,319",ALLSHR
298,NSRM,National Silk & Rayon Mills,SYNTHETIC & RAYON,NC,"15,553,133","777,659",ALLSHRKMIALLSHR
299,OBOY,Oilboy Energy Ltd.,OIL & GAS MARKETING COMPANIES,NC,"25,000,000","16,475,220",ALLSHRKMIALLSHR
300,OCTOPUS,Octopus Digital Ltd.,TECHNOLOGY & COMMUNICATION,NC,"157,262,502","47,178,751",ALLSHR
301,OGDC,Oil & Gas Development Co. Ltd.,OIL & GAS EXPLORATION COMPANIES,NC,"4,300,928,400","645,139,260",ALLSHRJSMFIKMI30KMIALLSHRKSE100KSE30MZNPINBPPGINITPGIOGTI
302,OLPL,OLP Financial Services Pak. Ltd.,INV. BANKS / INV. COS. / SECURITIES COS.,NC,"175,407,648","87,703,824",ALLSHR
303,OLPM,OLP Modaraba.,MODARABAS,NC,"45,383,530","34,037,648",ALLSHRKMIALLSHR
304,OML,Olympia Mills Limited,TEXTILE SPINNING,NC,"12,000,000","1,200,000",ALLSHRKMIALLSHR
305,ORM,Orient Rental Modaraba.,MODARABAS,NC,"75,000,000","26,250,000",ALLSHRKMIALLSHR
306,OTSU,Otsuka Pakistan Ltd.,PHARMACEUTICALS,NC,"12,100,000","1,815,000",ALLSHR
307,PABC,Pakistan Aluminium Beverage Cans Ltd.,MISCELLANEOUS,NC,"361,108,254","90,277,064",ALLSHRKMIALLSHRKSE100
308,PACE,Pace (Pakistan) Limited,PROPERTY,NC,"278,876,604","209,157,453",ALLSHR
309,PAEL,Pak Elektron Ltd,CABLE & ELECTRICAL GOODS,NC,"856,012,155","428,006,078",ALLSHRKMI30KMIALLSHRKSE100KSE30
310,PAKD,Pak Datacom Ltd.,TECHNOLOGY & COMMUNICATION,NC,"11,859,210","2,964,803",ALLSHRKMIALLSHR
311,PAKL,Pak Leather Crafts,LEATHER & TANNERIES,NC,"3,400,000","1,020,000",ALLSHR
312,PAKOXY,Pakistan Oxygen Ltd.,CHEMICAL,NC,"73,238,198","32,957,215",ALLSHR
313,PAKRI,Pakistan Reinsurance Co. Ltd.,INSURANCE,NC,"900,000,000","225,000,000",ALLSHR
314,PAKT,Pakistan Tobacco Co.,TOBACCO,NC,"255,493,792","12,569,837",ALLSHRKSE100
315,PCAL,Pakistan Cables Ltd.,CABLE & ELECTRICAL GOODS,NC,"49,506,744","14,852,023",ALLSHR
316,PELPS,Pak Elektron Ltd.  Preference,CABLE & ELECTRICAL GOODS,NC,"44,957,592","36,694,083",ALLSHR
317,PGLC,Pak- Gulf Leasing Company.,LEASING COMPANIES,NC,"49,471,110","9,894,222",ALLSHRKSE100
318,PHDL,Pakistan Hotels Developers.,MISCELLANEOUS,NC,"18,000,000","1,800,000",ALLSHRKMIALLSHR
319,PIAA,"P.I.A.C.L.  ""A""",TRANSPORT,NC,"5,233,761,118","188,908,780",ALLSHR
320,PIAB,"P.I.A.C.L  ""B""",TRANSPORT,NC,"1,500,000","2,626",ALLSHR
321,PIBTL,Pakistan Int Bulk Terminal Ltd,TRANSPORT,NC,"1,786,092,772","803,741,747",ALLSHRKMIALLSHRKSE100
322,PICT,Pakistan Int. Container Terminal.,TRANSPORT,NC,"109,153,152","10,915,315",ALLSHRKMIALLSHR
323,PIM,Popular Islamic Modaraba.,MODARABAS,NC,"14,000,000","1,400,000",ALLSHRKMIALLSHR
324,PINL,Premier Insurance Ltd,INSURANCE,NC,"50,565,105","22,754,297",ALLSHR
325,PIOC,Pioneer Cement Ltd,CEMENT,NC,"227,148,793","113,574,397",ALLSHRKMI30KMIALLSHRKSE100
326,PKGP,Pakgen Power Ltd.,POWER GENERATION & DISTRIBUTION,NC,"372,081,591","148,832,636",ALLSHRKMIALLSHR
327,PKGS,Packages Limited.,PAPER & BOARD,NC,"89,379,504","26,813,851",ALLSHRKMIALLSHRKSE100
328,PMI,Prudential Modaraba 1st.,MODARABAS,NC,"129,391,676","71,165,422",ALLSHRKMIALLSHR
329,PMPK,Philip Morris (Pakistan) Ltd.,TOBACCO,NC,"61,580,341","3,079,017",ALLSHR
330,PMRS,Premier Sugar Mills & Distillery Co. Ltd,SUGAR & ALLIED INDUSTRIES,NC,"3,750,000","360,308",ALLSHRKMIALLSHR
331,PNSC,P. N. S. C.,TRANSPORT,NC,"132,063,360","11,695,207",ALLSHRKMIALLSHR
332,POL,Pakistan Oilfields Ltd.,OIL & GAS EXPLORATION COMPANIES,NC,"283,855,104","129,853,985",ALLSHRKSE100KSE30NBPPGINITPGIOGTIPSXDIV20
333,POML,Punjab Oil Mills Ltd.,VANASPATI & ALLIED INDUSTRIES,NC,"7,762,500","3,105,015",ALLSHRKMIALLSHRKSE100
334,POWER,Power Cement Ltd,CEMENT,NC,"1,063,414,434","444,748,195",ALLSHRKMIALLSHR
335,POWERPS,Power Cement Preference,CEMENT,NC,"244,585,320","41,648,655",ALLSHR
336,PPL,Pakistan Petroleum Ltd.,OIL & GAS EXPLORATION COMPANIES,NC,"2,720,967,548","667,864,384",ALLSHRJSMFIKMI30KMIALLSHRKSE100KSE30MZNPINBPPGINITPGIOGTI
337,PPLPS,Pakistan Petroleum (Preference),OIL & GAS EXPLORATION COMPANIES,,0,0,
338,PPP,Pakistan Paper Products Ltd.,PAPER & BOARD,NC,"8,000,000","4,000,000",ALLSHRKMIALLSHR
339,PREMA,At-Tahur Ltd.,FOOD & PERSONAL CARE PRODUCTS,NC,"218,639,430","54,657,256",ALLSHRKMIALLSHR
340,PRET,Premium Textile Mills Ltd.,TEXTILE SPINNING,NC,"6,163,000","1,848,900",ALLSHR
341,PRL,Pakistan Refinery Ltd,REFINERY,NC,"630,000,000","223,949,388",ALLSHRKMI30KMIALLSHRKSE30
342,PRWM,Prosperity Weaving Mills Ltd.,TEXTILE WEAVING,NC,"18,480,000","2,772,000",ALLSHR
343,PSEL,Pakistan Services Ltd,MISCELLANEOUS,NC,"32,524,250","19,514,502",ALLSHRKMIALLSHRKSE100
344,PSMC,Pak Suzuki Motor Co. Ltd.,AUTOMOBILE ASSEMBLER,NC,"82,299,851","21,804,329",ALLSHRKMIALLSHRKSE100
345,PSO,Pakistan State Oil Co. Ltd.,OIL & GAS MARKETING COMPANIES,NC,"469,473,300","211,262,985",ACIALLSHRJSMFIKMI30KMIALLSHRKSE100KSE30MZNPINBPPGI
346,PSX,Pakistan Stock Exchange Ltd.,INV. BANKS / INV. COS. / SECURITIES COS.,NC,"801,476,600","480,885,960",ALLSHRKSE100
347,PSYL,Pakistan Synthetics Ltd.,SYNTHETIC & RAYON,NC,"138,699,000","20,804,850",ALLSHRKMIALLSHR
348,PTC,"P.T.C.L. ""A""",TECHNOLOGY & COMMUNICATION,NC,"3,774,000,000","592,185,867",ALLSHRKSE100
349,PTCB,"P.T.C.L. ""B""",TECHNOLOGY & COMMUNICATION,,0,0,
350,PTL,Panther Tyres Ltd.,AUTOMOBILE PARTS & ACCESSORIES,NC,"168,000,000","42,000,000",ALLSHRKMIALLSHR
351,QUET,Quetta Textile Mills Ltd,TEXTILE COMPOSITE,NC,"13,000,000","8,450,000",ALLSHRKMIALLSHR
352,QUICE,Quice Food Industries Ltd,FOOD & PERSONAL CARE PRODUCTS,NC,"98,461,828","68,923,280",ALLSHRKMIALLSHR
353,RCML,Reliance Cottton Spinning.,TEXTILE SPINNING,NC,"10,292,000","1,029,200",ALLSHRKMIALLSHR
354,REDCO,Redco Textiles Ltd,TEXTILE COMPOSITE,NC,"49,292,600","7,274,700",ALLSHR
355,REWM,Reliance Weaving Mills.,TEXTILE COMPOSITE,NC,"30,810,938","6,162,187",ALLSHR
356,RICL,Reliance Insurance Co. Ltd.,INSURANCE,NC,"66,537,948","46,576,564",ALLSHR
357,RMPL,Rafhan Maize Products.,FOOD & PERSONAL CARE PRODUCTS,NC,"9,236,400","774,695",ALLSHRKMIALLSHRKSE100
358,RPL,Roshan Packages Ltd.,PAPER & BOARD,NC,"141,900,000","44,377,142",ALLSHRKMIALLSHR
359,RUPL,Rupali Polyester Ltd.,SYNTHETIC & RAYON,NC,"34,068,500","10,220,554",ALLSHRKMIALLSHR
360,SAIF,Saif Textile Mills Ltd,TEXTILE SPINNING,NC,"26,412,900","13,206,440",ALLSHR
361,SANSM,Sanghar Sugar Mills Ltd,SUGAR & ALLIED INDUSTRIES,NC,"11,946,000","7,167,600",ALLSHRKMIALLSHR
362,SAPL,Sanofi-aventis Pakistan  Ltd.,PHARMACEUTICALS,NC,"9,644,800","964,476",ALLSHRKMIALLSHR
363,SAPT,Sapphire Textile Mills Ltd.,TEXTILE COMPOSITE,NC,"21,689,791","2,168,979",ALLSHR
364,SARC,Sardar Chemical Industries.,CHEMICAL,NC,"6,000,000","3,000,000",ALLSHRKMIALLSHR
365,SASML,Sindh Abadgar's Sugar Mills Ltd,SUGAR & ALLIED INDUSTRIES,NC,"10,425,000","1,563,750",ALLSHRKMIALLSHR
366,SAZEW,Sazgar Engineering Works.,AUTOMOBILE ASSEMBLER,NC,"60,445,961","21,156,087",ACIALLSHRKMIALLSHR
367,SBL,Samba Bank Ltd,COMMERCIAL BANKS,NC,"1,008,238,648","201,647,730",ALLSHR
368,SCBPL,Standard Chartered Bank Ltd.,COMMERCIAL BANKS,NC,"3,871,585,021","193,579,251",ALLSHRKSE100
369,SCL,Shield Corporation Ltd.,FOOD & PERSONAL CARE PRODUCTS,NC,"3,900,000","195,000",ALLSHRKMIALLSHR
370,SEARL,The Searle Company Ltd.,PHARMACEUTICALS,NC,"390,065,855","175,529,634",ACIALLSHRKMIALLSHRKSE100
371,SEL,Sitara Energy Ltd,POWER GENERATION & DISTRIBUTION,NC,"19,092,000","10,500,600",ALLSHR
372,SEPL,Security Papers Ltd.,PAPER & BOARD,NC,"59,255,985","23,702,394",ALLSHR
373,SERT,Service Textiles Industries Ltd.,TEXTILE SPINNING,NC,"13,787,567","2,068,135",ALLSHRKMIALLSHR
374,SFL,Sapphire Fibres Ltd.,TEXTILE COMPOSITE,NC,"20,671,875","2,067,188",ALLSHRKMIALLSHR
375,SGABL,SG Allied Businesses,SYNTHETIC & RAYON,NC,"15,000,000",0,ALLSHRKMIALLSHR
376,SGF,Service Global Footwear Ltd.,LEATHER & TANNERIES,NC,"205,087,500","41,017,500",ALLSHRKMIALLSHR
377,SGPL,S.G. Power Ltd,POWER GENERATION & DISTRIBUTION,NC,"17,833,200","2,833,080",ALLSHRKMIALLSHR
378,SHCM,Shadman Cotton Mills,TEXTILE SPINNING,NC,"17,636,800","881,836",ALLSHR
379,SHDT,"Shadab Textile Mills Ltd,",TEXTILE SPINNING,NC,"16,600,000","7,470,000",ALLSHRKMIALLSHR
380,SHEL,Shell (Pakistan) Ltd.,OIL & GAS MARKETING COMPANIES,NC,"214,024,662","53,506,166",ALLSHRJSMFIKMI30KMIALLSHRKSE100
381,SHEZ,Shezan International Ltd.,FOOD & PERSONAL CARE PRODUCTS,NC,"9,663,060","4,348,377",ALLSHRKMIALLSHR
382,SHFA,Shifa International Hospitals Ltd.,MISCELLANEOUS,NC,"63,214,383","28,446,472",ALLSHRKMIALLSHRKSE100
383,SHJS,Shahtaj Sugar Mills Ltd,SUGAR & ALLIED INDUSTRIES,NC,"12,011,200","4,804,438",ALLSHR
384,SHNI,Shaheen Insurance Co. Ltd,INSURANCE,NC,"60,000,000","15,821,019",ALLSHR
385,SHSML,Shahmurad Sugar Mills Ltd.,SUGAR & ALLIED INDUSTRIES,NC,"21,118,800","7,391,532",ALLSHRKMIALLSHR
386,SIBL,Security Investment Bank Ltd,INV. BANKS / INV. COS. / SECURITIES COS.,NC,"51,433,559","15,430,067",ALLSHR
387,SIEM,Siemens (Pakistan) Engineering.,CABLE & ELECTRICAL GOODS,NC,"8,247,037","2,061,759",ALLSHR
388,SILK,Silkbank Ltd,COMMERCIAL BANKS,NC,"9,081,861,237","3,178,651,433",ALLSHR
389,SINDM,Sindh Modaraba.,MODARABAS,NC,"45,000,000","4,500,000",ALLSHRKMIALLSHR
390,SITC,Sitara Chemical Industries Ltd.,CHEMICAL,NC,"21,429,524","7,500,292",ALLSHRKMIALLSHR
391,SLCPA,Security Leasing Corp.(Pref) 9.1%,LEASING COMPANIES,NC,"11,250,000","11,100,437",ALLSHR
392,SLL,SME Leasing Ltd,LEASING COMPANIES,NC,"32,000,000","9,600,000",ALLSHR
393,SMBL,Summit Bank Ltd,COMMERCIAL BANKS,NC,"6,622,220,576","993,333,086",ALLSHR
394,SMCPL,Safe Mix Concrete Ltd,CEMENT,NC,"25,000,000","5,000,000",ALLSHRKMIALLSHR
395,SNAI,Sana Industries Ltd.,TEXTILE SPINNING,NC,"19,965,000","6,987,750",ALLSHRKMIALLSHR
396,SNBL,Soneri Bank Ltd.,COMMERCIAL BANKS,NC,"1,102,463,503","330,739,044",ALLSHR
397,SNGP,Sui Northern Gas Pipelines.XD,OIL & GAS MARKETING COMPANIES,NC,"634,216,665","285,397,499",ACIALLSHRKMI30KMIALLSHRKSE100KSE30MZNPI
398,SPEL,Synthetic Products Ltd.,MISCELLANEOUS,NC,"199,736,016","49,934,004",ALLSHRKMIALLSHR
399,SPL,Sitara Peroxide Ltd,CHEMICAL,NC,"55,100,000","30,305,000",ALLSHRKMIALLSHR
400,SPWL,Saif Power Ltd.,POWER GENERATION & DISTRIBUTION,NC,"386,471,779","193,235,890",ALLSHR
401,SRVI,Service Industries Ltd.,LEATHER & TANNERIES,NC,"46,987,500","18,794,982",ALLSHRKSE100
402,SSGC,Sui Southern Gas Co. Ltd.,OIL & GAS MARKETING COMPANIES,NC,"880,916,400","336,437,548",ALLSHRKMIALLSHR
403,SSML,Saritow Spinning Mills Ltd,TEXTILE SPINNING,NC,"29,840,607","10,444,212",ALLSHR
404,SSOM,S.S.Oil Mills Ltd.,VANASPATI & ALLIED INDUSTRIES,NC,"5,658,400","1,347,400",ALLSHR
405,STCL,Shabbir Tiles & Ceramics Ltd.,GLASS & CERAMICS,NC,"239,320,475","131,626,261",ALLSHRKMIALLSHR
406,STJT,Shahtaj Textile Limited.,TEXTILE WEAVING,NC,"9,660,000","1,449,000",ALLSHRKMIALLSHR
407,STML,Shams Textile Mills Ltd.,TEXTILE COMPOSITE,NC,"8,640,000","2,160,000",ALLSHRKMIALLSHR
408,STPL,Siddiqsons Tin Plate Ltd,MISCELLANEOUS,NC,"229,278,733","68,783,631",ALLSHRKMIALLSHR
409,SURC,Suraj Cotton Mills Ltd.,TEXTILE COMPOSITE,NC,"44,372,287","8,874,457",ALLSHRKMIALLSHR
410,SUTM,Sunrays Textile Mills Ltd,TEXTILE SPINNING,NC,"20,700,000","2,070,000",ALLSHRKMIALLSHR
411,SYS,Systems Limited.,TECHNOLOGY & COMMUNICATION,NC,"290,407,700","174,154,620",ALLSHRKMI30KMIALLSHRKSE100KSE30MZNPINITPGIUPP9
412,SZTM,Shahzad Textile Mills Ltd,TEXTILE SPINNING,NC,"17,971,372","898,569",ALLSHRKMIALLSHR
413,TATM,Tata Textile Mills Ltd.,TEXTILE SPINNING,NC,"55,993,614","11,198,723",ALLSHR
414,TCORP,Tariq Corporation Ltd.,SUGAR & ALLIED INDUSTRIES,NC,"52,965,000","18,537,750",ALLSHRKMIALLSHR
415,TCORPCPS,Tariq Corporation Ltd. (Preference Shares),SUGAR & ALLIED INDUSTRIES,NC,"14,445,000","2,166,750",ALLSHR
416,TELE,Telecard Limited.,TECHNOLOGY & COMMUNICATION,NC,"338,625,000","325,991,410",ALLSHRKMIALLSHR
417,TGL,Tariq Glass Industries Ltd.,GLASS & CERAMICS,NC,"172,167,188","68,866,875",ALLSHRKMIALLSHRKSE100
418,THALL,Thal Limited.,AUTOMOBILE PARTS & ACCESSORIES,NC,"81,029,917","40,514,955",ALLSHRKMIALLSHRKSE100
419,THCCL,Thatta Cement Co. Ltd.,CEMENT,NC,"99,718,125","49,859,063",ALLSHRKMIALLSHR
420,TICL,Thal Industries Corporation,SUGAR & ALLIED INDUSTRIES,NC,"15,023,200","214,930",ALLSHRKMIALLSHR
421,TOMCL,The Organic Meat Co.Ltd.,FOOD & PERSONAL CARE PRODUCTS,NC,"134,992,012","60,746,405",ALLSHRKMIALLSHR
422,TOWL,Towellers Limited.,TEXTILE COMPOSITE,NC,"17,000,000","3,400,000",ALLSHRKMIALLSHR
423,TPL,TPL Corp Limited,TECHNOLOGY & COMMUNICATION,NC,"267,297,763","106,919,105",ALLSHRKMIALLSHR
424,TPLI,TPL Insurance Ltd.,INSURANCE,NC,"198,394,462","29,759,169",ALLSHR
425,TPLP,TPL Properties Ltd.,PROPERTY,NC,"569,806,567","227,922,627",ALLSHRJSMFIKMI30KMIALLSHRKSE30
426,TPLT,TPL Trakker Ltd.,TECHNOLOGY & COMMUNICATION,NC,"187,263,093","74,905,237",ALLSHR
427,TREET,Treet Corporation Ltd.,FOOD & PERSONAL CARE PRODUCTS,NC,"178,721,122","80,424,505",ACIALLSHRKMIALLSHR
428,TRG,TRG Pakistan Ltd.,TECHNOLOGY & COMMUNICATION,NC,"545,390,665","381,773,466",ALLSHRKSE100KSE30NBPPGINITPGI
429,TRIPF,Tri-Pack Films Ltd.,MISCELLANEOUS,NC,"38,800,000","7,760,000",ALLSHR
430,TRSM,Trust Modaraba,MODARABAS,NC,"29,800,000","23,840,000",ALLSHRKMIALLSHR
431,TSBL,Trust Securities  & Brokerage,INV. BANKS / INV. COS. / SECURITIES COS.,NC,"30,000,000","22,500,000",ALLSHR
432,TSMF,Tri-Star Mutual Fund,CLOSE - END MUTUAL FUND,NC,"5,000,000","3,000,000",ALLSHR
433,TSML,Tandlianwala Sugar Mills Ltd,SUGAR & ALLIED INDUSTRIES,NC,"117,706,300","5,885,315",ALLSHR
434,TSPL,Tri-Star Power Ltd,POWER GENERATION & DISTRIBUTION,NC,"15,000,000","11,817,200",ALLSHR
435,UBDL,United Brands Ltd,MISCELLANEOUS,NC,"91,800,000","4,590,000",ALLSHRKMIALLSHR
436,UBL,United Bank  Ltd. XD,COMMERCIAL BANKS,NC,"1,224,179,688","489,671,875",ALLSHRBKTIKSE100KSE30NBPPGINITPGIPSXDIV20UPP9
437,UBLPETF,UBL Pakistan Enterprise.,EXCHANGE TRADED FUNDS,NC,"2,570,000","2,580,000",
438,UCAPM,Unicap Modaraba,MODARABAS,NC,"23,640,000","15,366,000",ALLSHRKMIALLSHR
439,UDPL,United Distrbutors Pakistan Ltd,MISCELLANEOUS,NC,"35,271,134","5,290,670",ALLSHRKMIALLSHR
440,UNIC,United Insurance Co. of Pakistan.,INSURANCE,NC,"346,750,000","52,012,500",ALLSHR
441,UNITY,Unity Foods Limited.,FOOD & PERSONAL CARE PRODUCTS,NC,"1,194,050,000","417,917,500",ACIALLSHRJSMFIKMI30KMIALLSHRKSE100KSE30
442,UPFL,Unilever Pakistan Foods Ltd.,FOOD & PERSONAL CARE PRODUCTS,NC,"6,369,932","306,250",ALLSHRKSE100
443,UVIC,Universal Insurance Co. Ltd.,INSURANCE,NC,"50,000,000","5,000,000",ALLSHR
444,WAHN,Wah-Noble Chemicals Ltd.,CHEMICAL,NC,"9,000,000","3,150,000",ALLSHRKMIALLSHR
445,WAVES,Waves Corporation Pakistan,CABLE & ELECTRICAL GOODS,NC,"281,406,088","140,703,044",ALLSHRKMIALLSHR
446,WHALE,Waves Home Appliances Ltd,CABLE & ELECTRICAL GOODS,NC,"267,885,307","40,182,796",ALLSHR
447,WTL,WorldCall Telecom Ltd,TECHNOLOGY & COMMUNICATION,NC,"3,196,199,269","3,109,831,057",ALLSHRKMIALLSHR
448,YOUW,Yousaf Weaving Mills Ltd,TEXTILE WEAVING,NC,"90,000,000","49,500,000",ALLSHRKSE100
449,ZAHID,Zahidjee Textile Mills Ltd.,TEXTILE COMPOSITE,NC,"191,421,102","5,912,547",ALLSHRKMIALLSHR
450,ZIL,ZIL Limited.,FOOD & PERSONAL CARE PRODUCTS,NC,"6,122,600","306,130",ALLSHRKMIALLSHR
451,ZTL,Zephyr Textiles Ltd.,TEXTILE WEAVING,NC,"59,428,729","8,914,309",ALLSHRKMIALLSHR
